Age,Gender,Education Level,Job Title,Years of Experience,Salary
50,Male,Master's,Data Scientist,23,179566
36,Female,Master's,Project Manager,9,109395
29,Male,Bachelor's,Project Manager,31,152902
42,Female,PhD,Software Engineer,14,143771
40,Male,Master's,Software Engineer,19,132632
44,Male,Master's,DevOps Engineer,2,93135
32,Female,Bachelor's,Data Scientist,7,82435
32,Male,Bachelor's,Software Engineer,22,112818
45,Male,Bachelor's,Software Engineer,10,84081
57,Male,Master's,UI/UX Designer,7,78620
45,Male,Bachelor's,Data Scientist,28,160934
24,Female,Master's,DevOps Engineer,29,182856
43,Male,Master's,Software Engineer,9,100491
23,Male,Bachelor's,DevOps Engineer,27,136907
45,Male,Master's,Business Analyst,12,100922
51,Female,Bachelor's,DevOps Engineer,31,161238
59,Male,PhD,Project Manager,25,212110
23,Female,Bachelor's,Project Manager,21,114919
42,Male,Bachelor's,DevOps Engineer,3,80388
54,Female,Bachelor's,Project Manager,30,159183
33,Female,Bachelor's,Business Analyst,17,94071
43,Female,Master's,Data Scientist,23,174849
46,Female,Master's,Project Manager,22,156008
48,Male,Master's,Project Manager,21,159517
49,Male,Bachelor's,DevOps Engineer,1,68858
37,Male,Bachelor's,Business Analyst,30,130754
36,Male,Bachelor's,Data Scientist,10,97351
24,Male,Master's,DevOps Engineer,27,167941
58,Male,Master's,DevOps Engineer,31,201120
28,Male,Bachelor's,UI/UX Designer,4,50616
42,Male,Bachelor's,Business Analyst,9,80059
30,Female,Master's,Data Scientist,23,167762
39,Male,Master's,Business Analyst,34,162312
25,Female,Master's,Data Scientist,22,159522
46,Female,Master's,Business Analyst,16,107311
35,Female,Bachelor's,DevOps Engineer,0,63142
30,Female,Bachelor's,DevOps Engineer,30,150468
47,Female,Master's,Software Engineer,30,165370
23,Female,Master's,Project Manager,33,187355
41,Female,Bachelor's,UI/UX Designer,8,61011
49,Male,Master's,Business Analyst,21,127114
28,Male,Master's,UI/UX Designer,12,85723
29,Male,Master's,Software Engineer,24,141548
56,Male,Master's,Project Manager,17,140538
35,Female,Bachelor's,Business Analyst,11,74940
38,Female,Master's,Data Scientist,16,142605
57,Female,Master's,Project Manager,14,128134
25,Male,Master's,DevOps Engineer,14,123611
23,Female,Master's,Software Engineer,14,105450
27,Female,Master's,Project Manager,12,113306
25,Female,Bachelor's,Project Manager,16,102790
50,Female,Master's,DevOps Engineer,31,198045
39,Female,Master's,Business Analyst,8,80857
47,Male,Master's,Data Scientist,19,158892
55,Female,Master's,DevOps Engineer,25,172609
31,Male,Master's,Data Scientist,26,174231
57,Male,Bachelor's,Business Analyst,20,104793
35,Female,Master's,Project Manager,17,140489
52,Male,Bachelor's,Data Scientist,12,110422
36,Female,Bachelor's,Software Engineer,15,94001
29,Male,Master's,Software Engineer,8,94599
35,Female,Master's,DevOps Engineer,11,113370
44,Male,Bachelor's,Business Analyst,18,100457
42,Female,Bachelor's,DevOps Engineer,6,80948
37,Female,Master's,DevOps Engineer,34,206808
39,Male,Bachelor's,UI/UX Designer,17,81744
45,Male,Bachelor's,DevOps Engineer,15,117773
47,Female,Bachelor's,UI/UX Designer,3,57312
46,Male,Bachelor's,Software Engineer,24,121863
50,Male,Bachelor's,Software Engineer,31,150934
36,Male,Bachelor's,DevOps Engineer,12,105360
22,Male,Bachelor's,Software Engineer,16,92159
46,Female,Master's,Business Analyst,5,76315
28,Female,Master's,UI/UX Designer,18,103209
30,Male,Master's,UI/UX Designer,12,82724
45,Male,Bachelor's,DevOps Engineer,25,139876
22,Female,Bachelor's,Software Engineer,13,88176
29,Male,Master's,Data Scientist,30,199664
45,Male,Bachelor's,UI/UX Designer,3,51909
32,Female,Bachelor's,DevOps Engineer,7,81226
38,Female,Master's,DevOps Engineer,24,168033
29,Female,Master's,Business Analyst,12,98102
56,Female,Bachelor's,Project Manager,31,156813
56,Male,Bachelor's,Project Manager,27,144657
54,Female,Master's,UI/UX Designer,29,139698
26,Male,Bachelor's,Business Analyst,2,53879
49,Male,Master's,Business Analyst,27,151987
28,Male,Master's,Business Analyst,2,66523
30,Male,PhD,UI/UX Designer,33,179532
29,Female,Bachelor's,Project Manager,15,98709
33,Male,Master's,Business Analyst,21,119337
55,Male,Master's,Software Engineer,31,178351
54,Male,Bachelor's,DevOps Engineer,7,91185
44,Male,Bachelor's,DevOps Engineer,7,85220
45,Female,Master's,Data Scientist,5,102340
58,Male,Bachelor's,Data Scientist,13,114988
56,Female,Bachelor's,UI/UX Designer,31,125327
43,Male,Bachelor's,UI/UX Designer,34,119808
48,Male,Master's,DevOps Engineer,9,115076
56,Female,Master's,Software Engineer,2,84469
22,Male,Master's,Project Manager,11,106161
56,Female,Bachelor's,Project Manager,30,160978
58,Male,Bachelor's,UI/UX Designer,28,115216
35,Male,Master's,Software Engineer,4,86269
24,Female,Bachelor's,UI/UX Designer,24,98468
22,Male,Bachelor's,Project Manager,30,145411
26,Male,Master's,UI/UX Designer,20,102244
47,Female,PhD,Business Analyst,19,156772
35,Male,Master's,UI/UX Designer,21,107418
48,Female,Master's,DevOps Engineer,3,93631
30,Male,PhD,UI/UX Designer,12,111423
36,Female,Bachelor's,DevOps Engineer,19,126920
36,Female,Master's,Software Engineer,12,110369
47,Female,PhD,Project Manager,16,164102
34,Female,Bachelor's,Data Scientist,32,170238
53,Male,Master's,Data Scientist,0,90693
53,Female,Master's,Project Manager,14,133799
25,Male,Master's,Data Scientist,12,122757
51,Male,Master's,UI/UX Designer,16,99159
58,Male,PhD,Software Engineer,23,185621
44,Male,Master's,Software Engineer,7,88045
36,Male,Bachelor's,Project Manager,26,134199
50,Female,Master's,Data Scientist,22,174562
57,Female,Bachelor's,UI/UX Designer,7,70258
34,Female,Bachelor's,Software Engineer,7,74526
53,Male,Bachelor's,Software Engineer,25,135708
28,Female,Bachelor's,Business Analyst,12,77876
43,Male,Bachelor's,Business Analyst,27,115878
49,Male,PhD,Software Engineer,24,181854
23,Male,Master's,Project Manager,15,116051
27,Male,Master's,DevOps Engineer,1,77845
49,Female,Bachelor's,DevOps Engineer,17,127253
49,Male,PhD,UI/UX Designer,16,121460
41,Male,PhD,Software Engineer,29,211421
51,Male,Master's,Software Engineer,12,116262
32,Male,Bachelor's,Software Engineer,31,140918
49,Male,Bachelor's,Project Manager,28,153224
46,Female,Bachelor's,Business Analyst,29,124632
54,Male,Bachelor's,Software Engineer,17,103935
22,Male,Bachelor's,Software Engineer,12,85604
48,Male,PhD,Data Scientist,20,213082
34,Female,Bachelor's,Project Manager,29,141986
24,Female,Bachelor's,UI/UX Designer,20,86436
27,Female,Bachelor's,Software Engineer,16,95453
29,Female,Bachelor's,Data Scientist,18,118653
48,Male,Bachelor's,DevOps Engineer,14,114143
30,Male,Bachelor's,UI/UX Designer,8,62129
58,Female,Bachelor's,Software Engineer,9,90956
54,Female,Master's,Software Engineer,30,173466
45,Female,PhD,Data Scientist,22,211013
36,Female,Bachelor's,Project Manager,29,142039
53,Female,Bachelor's,Software Engineer,32,152276
53,Female,Master's,DevOps Engineer,8,113274
45,Female,Bachelor's,Software Engineer,0,54604
33,Female,Bachelor's,DevOps Engineer,34,169537
23,Female,Master's,UI/UX Designer,10,80314
24,Female,Bachelor's,UI/UX Designer,33,120671
58,Male,Master's,Business Analyst,15,113245
38,Female,Master's,Business Analyst,8,83686
23,Male,Bachelor's,DevOps Engineer,31,149935
23,Male,Bachelor's,Project Manager,14,101490
49,Female,Master's,Software Engineer,11,112812
44,Male,Bachelor's,Software Engineer,32,141237
58,Male,Bachelor's,Business Analyst,13,94873
53,Male,Master's,DevOps Engineer,7,103456
54,Male,Master's,Software Engineer,7,91726
22,Female,Bachelor's,Software Engineer,26,128073
40,Male,Master's,Project Manager,11,108970
23,Male,Bachelor's,Data Scientist,0,54701
47,Male,Master's,Business Analyst,10,91612
53,Female,Master's,Business Analyst,30,155983
27,Female,Master's,Data Scientist,16,130781
53,Male,Bachelor's,Software Engineer,32,150845
25,Male,PhD,Project Manager,31,217436
32,Male,Bachelor's,Project Manager,28,146641
38,Female,Master's,Business Analyst,20,126454
59,Female,Bachelor's,Project Manager,20,126594
45,Male,Bachelor's,UI/UX Designer,22,97279
26,Male,Bachelor's,Data Scientist,5,81376
55,Male,PhD,Software Engineer,21,176688
27,Female,PhD,UI/UX Designer,7,82796
43,Male,Bachelor's,Data Scientist,34,174237
32,Male,Bachelor's,DevOps Engineer,10,89006
37,Male,Master's,Business Analyst,23,127839
54,Male,Bachelor's,Project Manager,20,132728
30,Female,Bachelor's,DevOps Engineer,1,68770
27,Male,Master's,Project Manager,18,134170
37,Female,Master's,UI/UX Designer,27,130354
50,Female,PhD,Software Engineer,16,150958
24,Male,Bachelor's,Software Engineer,5,61152
41,Male,Bachelor's,Software Engineer,18,103059
57,Female,Master's,Project Manager,27,177104
40,Male,Master's,DevOps Engineer,1,80608
47,Male,Master's,Software Engineer,3,80624
24,Female,Master's,DevOps Engineer,21,145444
40,Male,Bachelor's,Project Manager,25,135518
41,Male,Master's,UI/UX Designer,12,86044
53,Male,Bachelor's,DevOps Engineer,31,165890
28,Female,Bachelor's,UI/UX Designer,16,76423
54,Male,Master's,Project Manager,18,147637
39,Male,Bachelor's,Project Manager,34,166545
22,Male,Bachelor's,Business Analyst,27,114686
32,Male,Master's,Project Manager,0,68424
49,Male,Bachelor's,Project Manager,17,117517
46,Male,Master's,Data Scientist,32,212918
44,Male,Bachelor's,Software Engineer,11,84553
52,Male,Master's,Business Analyst,7,91682
51,Male,Bachelor's,Business Analyst,23,112909
56,Male,Bachelor's,Business Analyst,15,93627
28,Male,PhD,Data Scientist,3,110584
37,Male,Master's,UI/UX Designer,26,123935
47,Female,Bachelor's,Project Manager,8,87471
23,Male,Bachelor's,Software Engineer,15,98281
22,Male,Master's,DevOps Engineer,11,113756
33,Male,Master's,UI/UX Designer,30,131195
26,Female,Master's,Project Manager,23,158094
58,Female,Master's,Data Scientist,13,135907
53,Male,Bachelor's,Project Manager,24,144076
30,Male,Bachelor's,Project Manager,33,153036
56,Female,Master's,Data Scientist,2,99045
40,Male,Bachelor's,Business Analyst,23,108492
37,Male,Bachelor's,Business Analyst,8,67013
24,Male,PhD,Software Engineer,25,183245
41,Male,Master's,Software Engineer,19,128014
45,Female,Master's,Business Analyst,9,89036
54,Female,Master's,UI/UX Designer,18,110419
45,Male,Master's,DevOps Engineer,2,82443
32,Male,Bachelor's,Project Manager,23,130964
29,Female,Bachelor's,DevOps Engineer,4,78998
57,Female,Bachelor's,Project Manager,2,74512
59,Female,Bachelor's,Business Analyst,26,127081
41,Female,Master's,Software Engineer,15,118942
56,Female,Bachelor's,UI/UX Designer,14,83718
46,Female,Bachelor's,Software Engineer,34,154979
56,Male,Bachelor's,DevOps Engineer,11,108836
46,Male,Bachelor's,Software Engineer,25,123185
50,Female,Bachelor's,Business Analyst,33,137161
39,Male,Bachelor's,UI/UX Designer,22,99989
39,Female,Bachelor's,DevOps Engineer,30,154492
23,Male,Bachelor's,UI/UX Designer,19,87110
56,Male,Bachelor's,Project Manager,11,101066
37,Male,Master's,Software Engineer,22,141797
57,Male,Bachelor's,UI/UX Designer,3,56504
54,Female,Bachelor's,Data Scientist,22,142996
25,Female,Master's,Software Engineer,0,62934
54,Female,Bachelor's,Project Manager,24,145243
35,Female,Master's,UI/UX Designer,1,56125
42,Male,Master's,DevOps Engineer,29,184223
41,Male,Bachelor's,Project Manager,2,62988
29,Male,Master's,Data Scientist,20,148254
28,Male,Bachelor's,UI/UX Designer,24,100422
24,Male,Master's,Business Analyst,19,108093
38,Male,Bachelor's,Software Engineer,21,113001
54,Male,Master's,DevOps Engineer,20,161370
33,Female,Bachelor's,Business Analyst,32,125515
43,Female,Master's,UI/UX Designer,14,92048
43,Male,Master's,UI/UX Designer,14,91426
51,Female,Bachelor's,Project Manager,24,132915
59,Female,Bachelor's,UI/UX Designer,20,100672
59,Male,Master's,DevOps Engineer,23,171700
29,Female,Master's,Business Analyst,4,68229
48,Female,Bachelor's,DevOps Engineer,5,81905
48,Male,Master's,Data Scientist,22,170567
55,Male,PhD,Data Scientist,3,125613
42,Male,Master's,Software Engineer,26,156557
51,Male,Bachelor's,Software Engineer,17,111849
54,Male,Master's,Data Scientist,20,166612
49,Female,Bachelor's,UI/UX Designer,27,107470
54,Male,PhD,DevOps Engineer,34,266850
26,Male,Bachelor's,Data Scientist,21,131453
40,Female,Bachelor's,Software Engineer,22,112620
25,Female,Master's,Data Scientist,2,77619
56,Male,Bachelor's,UI/UX Designer,9,68140
38,Male,PhD,Data Scientist,24,226541
49,Male,PhD,DevOps Engineer,7,137523
51,Female,Master's,Business Analyst,10,90805
50,Male,Bachelor's,UI/UX Designer,4,59225
27,Male,Master's,Software Engineer,28,156637
56,Female,Bachelor's,DevOps Engineer,4,88252
58,Male,Bachelor's,Data Scientist,8,104919
45,Female,Master's,Data Scientist,1,91161
50,Female,Bachelor's,Business Analyst,0,50446
52,Male,Bachelor's,Software Engineer,29,136940
56,Female,PhD,Software Engineer,10,128931
54,Male,Bachelor's,Project Manager,27,145966
42,Female,Bachelor's,Software Engineer,11,89175
53,Male,PhD,Business Analyst,25,183997
44,Female,Bachelor's,Project Manager,12,99615
54,Male,Master's,Project Manager,7,104067
24,Female,PhD,Data Scientist,27,224550
39,Female,PhD,Data Scientist,29,238582
46,Male,Master's,Software Engineer,8,103748
52,Female,Bachelor's,Project Manager,30,158416
24,Male,Bachelor's,Data Scientist,20,125914
45,Male,Master's,Business Analyst,33,165536
53,Male,Master's,Data Scientist,30,208795
43,Male,Master's,UI/UX Designer,24,120486
44,Male,Bachelor's,UI/UX Designer,11,72163
23,Female,Bachelor's,Data Scientist,0,60706
48,Male,Bachelor's,Project Manager,21,128361
23,Female,Master's,Project Manager,0,68227
47,Male,Bachelor's,DevOps Engineer,0,71416
38,Female,PhD,UI/UX Designer,20,131467
54,Female,Master's,Business Analyst,14,110168
30,Male,Bachelor's,Project Manager,16,111051
50,Female,Master's,Software Engineer,21,148389
47,Male,Bachelor's,UI/UX Designer,34,129213
56,Female,Master's,Business Analyst,15,109448
46,Male,Master's,Business Analyst,7,87868
45,Female,Master's,Project Manager,16,140711
34,Male,Master's,Business Analyst,16,112724
28,Male,Bachelor's,Project Manager,25,132088
57,Female,Bachelor's,Data Scientist,12,118534
41,Male,Master's,UI/UX Designer,16,102130
22,Male,Bachelor's,DevOps Engineer,16,113621
29,Male,Bachelor's,Data Scientist,13,101647
37,Male,Bachelor's,UI/UX Designer,5,57776
35,Male,Master's,Project Manager,34,193677
33,Male,Bachelor's,UI/UX Designer,13,73057
44,Male,Master's,Project Manager,7,107729
36,Male,PhD,Data Scientist,14,166617
49,Female,Bachelor's,Software Engineer,26,128437
55,Male,Bachelor's,Software Engineer,12,94585
23,Male,Bachelor's,UI/UX Designer,30,109201
53,Male,Master's,Software Engineer,34,182878
44,Male,Bachelor's,Project Manager,5,74094
43,Female,Bachelor's,Business Analyst,4,65851
46,Male,Bachelor's,Project Manager,21,129298
43,Male,Master's,Business Analyst,22,126697
43,Female,Bachelor's,Data Scientist,24,144428
27,Female,Master's,DevOps Engineer,33,198552
36,Male,PhD,Business Analyst,25,176145
58,Female,Bachelor's,Software Engineer,4,76824
54,Female,Master's,Project Manager,25,176159
29,Male,Bachelor's,Data Scientist,19,121875
26,Female,Master's,Software Engineer,5,78573
25,Female,Master's,Data Scientist,5,86729
27,Male,Master's,DevOps Engineer,17,137481
53,Male,Bachelor's,Project Manager,3,71886
51,Male,Bachelor's,UI/UX Designer,16,89417
56,Female,Bachelor's,Project Manager,13,108921
37,Female,Bachelor's,DevOps Engineer,13,107295
34,Female,Bachelor's,Project Manager,12,92101
51,Male,Bachelor's,UI/UX Designer,6,67705
40,Female,Bachelor's,Business Analyst,14,88852
38,Male,Bachelor's,Data Scientist,18,120703
40,Male,Master's,UI/UX Designer,34,148989
49,Male,Bachelor's,Software Engineer,16,107971
47,Female,Bachelor's,DevOps Engineer,34,177677
58,Male,Bachelor's,Business Analyst,18,100059
47,Female,Bachelor's,Software Engineer,19,114519
44,Male,PhD,Software Engineer,34,232803
30,Male,Bachelor's,DevOps Engineer,31,161181
33,Male,Master's,Business Analyst,23,126145
22,Male,PhD,Software Engineer,16,150569
22,Female,Master's,Software Engineer,6,87432
55,Male,Master's,Business Analyst,0,65310
53,Female,Master's,Project Manager,34,209842
46,Male,PhD,Software Engineer,31,220116
22,Female,Master's,Data Scientist,12,121430
37,Male,Master's,Business Analyst,5,70934
26,Female,Master's,Software Engineer,13,99679
43,Female,Master's,DevOps Engineer,14,135298
50,Male,Master's,UI/UX Designer,3,65505
24,Male,Bachelor's,Data Scientist,15,113295
33,Female,Bachelor's,UI/UX Designer,27,102695
47,Female,Bachelor's,UI/UX Designer,15,79350
37,Male,Bachelor's,Software Engineer,3,60200
58,Female,Bachelor's,Data Scientist,25,153933
43,Female,Bachelor's,Data Scientist,27,160247
50,Female,Master's,Project Manager,31,187005
35,Female,Bachelor's,UI/UX Designer,1,48224
49,Female,Master's,Data Scientist,30,202171
26,Male,Bachelor's,Project Manager,2,64221
51,Male,Bachelor's,Business Analyst,7,73801
26,Male,Master's,Project Manager,23,151008
33,Female,Master's,DevOps Engineer,14,133756
37,Female,Bachelor's,Software Engineer,30,136225
47,Male,Master's,Business Analyst,8,86544
47,Female,Master's,Business Analyst,1,69427
42,Female,Bachelor's,DevOps Engineer,7,81660
57,Male,Bachelor's,Project Manager,6,90554
54,Male,PhD,Software Engineer,15,146840
51,Male,Master's,Project Manager,34,201000
58,Male,Master's,Data Scientist,29,208286
44,Male,Master's,Project Manager,9,111601
31,Male,Bachelor's,Business Analyst,17,87718
26,Male,Bachelor's,Software Engineer,4,58627
57,Male,Bachelor's,Project Manager,28,149890
55,Male,Master's,Software Engineer,33,183428
52,Male,Master's,Software Engineer,22,151294
31,Female,Master's,Data Scientist,4,90603
40,Male,Bachelor's,Data Scientist,29,158103
53,Female,Bachelor's,Business Analyst,5,69791
22,Female,Bachelor's,DevOps Engineer,3,61556
26,Male,Master's,Software Engineer,28,159379
25,Male,Master's,DevOps Engineer,22,153097
37,Male,Bachelor's,Business Analyst,5,58792
45,Male,Master's,Software Engineer,31,173166
37,Female,Bachelor's,Software Engineer,17,104760
23,Male,PhD,UI/UX Designer,14,114943
49,Male,Bachelor's,DevOps Engineer,31,162012
53,Male,Master's,Project Manager,8,104716
48,Male,Bachelor's,Data Scientist,9,97323
41,Female,PhD,Project Manager,19,175177
45,Male,Bachelor's,DevOps Engineer,5,79460
33,Male,Bachelor's,Data Scientist,2,72516
56,Male,Bachelor's,Project Manager,10,94400
54,Female,Bachelor's,UI/UX Designer,16,88798
54,Male,Bachelor's,Data Scientist,31,177192
58,Male,PhD,Software Engineer,3,104113
33,Female,Bachelor's,Project Manager,3,70203
24,Male,Master's,Data Scientist,16,128606
22,Female,Master's,UI/UX Designer,18,97243
54,Female,Master's,Data Scientist,4,102696
31,Female,Bachelor's,Data Scientist,31,170818
50,Female,Bachelor's,UI/UX Designer,21,99696
34,Female,Master's,Project Manager,5,90398
33,Female,PhD,Business Analyst,34,200502
52,Female,Bachelor's,Project Manager,21,134690
23,Female,Bachelor's,DevOps Engineer,0,62368
56,Male,Bachelor's,UI/UX Designer,19,97291
44,Male,PhD,Project Manager,21,192832
38,Male,Bachelor's,Data Scientist,10,97506
47,Male,Bachelor's,UI/UX Designer,12,73145
29,Male,Master's,Software Engineer,2,77106
50,Male,Bachelor's,Project Manager,8,91881
47,Male,Bachelor's,UI/UX Designer,11,71280
31,Female,Master's,Project Manager,22,146818
47,Female,PhD,UI/UX Designer,13,118368
55,Male,Bachelor's,Data Scientist,32,180472
28,Male,Bachelor's,Software Engineer,17,96864
25,Female,Bachelor's,Software Engineer,8,72963
32,Male,Bachelor's,DevOps Engineer,22,134891
50,Female,Master's,UI/UX Designer,9,83017
57,Male,Bachelor's,Project Manager,18,118100
46,Male,Bachelor's,Software Engineer,4,69622
42,Female,Bachelor's,Software Engineer,22,114213
57,Male,Master's,Business Analyst,29,150879
31,Female,Master's,Business Analyst,24,134288
58,Female,Master's,Software Engineer,27,159985
30,Male,Bachelor's,UI/UX Designer,33,115569
45,Female,Master's,DevOps Engineer,24,174873
56,Female,Master's,Software Engineer,9,108777
56,Male,Bachelor's,Data Scientist,13,122196
57,Female,Bachelor's,Project Manager,29,159084
39,Male,Bachelor's,DevOps Engineer,24,135770
53,Female,Bachelor's,Data Scientist,13,117514
45,Female,Bachelor's,DevOps Engineer,34,170321
44,Male,Bachelor's,Data Scientist,33,178313
53,Female,Bachelor's,Project Manager,9,88293
58,Female,Master's,Project Manager,34,210942
33,Female,Bachelor's,Business Analyst,10,76262
34,Female,Master's,UI/UX Designer,10,86338
44,Female,Master's,Data Scientist,20,166737
46,Male,Master's,Business Analyst,20,118632
56,Female,Master's,Data Scientist,21,177167
51,Male,Bachelor's,Business Analyst,6,71981
38,Male,Master's,Project Manager,16,128584
41,Female,Bachelor's,DevOps Engineer,1,62981
46,Male,Bachelor's,Business Analyst,11,82123
43,Male,PhD,Data Scientist,17,177321
34,Male,Bachelor's,Data Scientist,10,95760
40,Male,Bachelor's,UI/UX Designer,15,79659
57,Female,Master's,Project Manager,17,141117
33,Male,Master's,Data Scientist,34,206005
40,Female,Master's,Software Engineer,25,152415
33,Male,Bachelor's,DevOps Engineer,15,112161
30,Female,Master's,Business Analyst,5,76148
28,Male,Bachelor's,UI/UX Designer,11,72086
49,Male,Master's,DevOps Engineer,12,127537
35,Female,PhD,Project Manager,3,110732
52,Female,Master's,UI/UX Designer,1,62427
40,Male,Master's,Business Analyst,25,134647
37,Male,Bachelor's,Business Analyst,26,111101
26,Male,Master's,Software Engineer,26,154473
56,Male,Master's,Project Manager,14,136967
33,Female,Bachelor's,UI/UX Designer,7,57153
46,Male,Master's,UI/UX Designer,6,70913
42,Male,Bachelor's,Data Scientist,11,104479
57,Male,Master's,Software Engineer,12,117536
44,Male,Master's,Software Engineer,16,127406
37,Male,Master's,UI/UX Designer,16,93459
35,Male,Bachelor's,UI/UX Designer,20,90311
52,Male,Master's,DevOps Engineer,7,106843
26,Male,Master's,DevOps Engineer,4,93319
56,Female,PhD,DevOps Engineer,25,229464
44,Male,Bachelor's,Software Engineer,15,95261
50,Female,Bachelor's,Data Scientist,27,159767
32,Male,Master's,Business Analyst,28,145533
39,Female,Bachelor's,DevOps Engineer,11,99661
33,Female,Master's,Data Scientist,29,193446
30,Female,Master's,Project Manager,22,148201
31,Female,Master's,DevOps Engineer,15,124300
38,Male,Master's,Business Analyst,13,94711
59,Male,Master's,Project Manager,9,118277
28,Male,Bachelor's,Project Manager,6,78796
34,Male,Bachelor's,Business Analyst,28,122318
30,Male,Bachelor's,DevOps Engineer,2,61933
48,Male,Bachelor's,Software Engineer,14,102473
23,Female,Master's,Business Analyst,18,114954
26,Male,Master's,Business Analyst,12,93765
50,Female,Master's,Business Analyst,20,123768
58,Female,Master's,Project Manager,26,180570
59,Female,PhD,Data Scientist,28,242365
40,Male,Master's,Software Engineer,19,135004
29,Male,Master's,DevOps Engineer,24,162964
22,Male,Master's,DevOps Engineer,5,94645
43,Male,Bachelor's,Data Scientist,1,75657
38,Female,Bachelor's,Business Analyst,21,102691
28,Male,Bachelor's,Software Engineer,31,134482
46,Female,PhD,DevOps Engineer,15,176985
25,Male,Master's,UI/UX Designer,17,95283
57,Female,Bachelor's,DevOps Engineer,4,80700
27,Female,Bachelor's,Business Analyst,29,124337
52,Male,Master's,UI/UX Designer,18,106194
40,Male,Bachelor's,Data Scientist,22,141343
48,Male,Bachelor's,Software Engineer,33,153319
31,Male,Master's,Data Scientist,12,125938
47,Male,Bachelor's,Data Scientist,28,158878
40,Male,Bachelor's,Software Engineer,21,110127
24,Male,Master's,Software Engineer,8,86914
34,Male,Master's,DevOps Engineer,18,144919
49,Male,Master's,DevOps Engineer,5,95104
41,Female,Bachelor's,Software Engineer,14,101476
49,Male,Bachelor's,UI/UX Designer,19,89788
29,Female,Bachelor's,Project Manager,8,80248
22,Male,Master's,DevOps Engineer,31,183271
24,Male,Master's,Project Manager,3,75355
34,Female,Bachelor's,UI/UX Designer,17,81774
49,Male,Master's,Software Engineer,4,84507
46,Male,Bachelor's,UI/UX Designer,19,94644
54,Male,Bachelor's,DevOps Engineer,22,140586
59,Male,Bachelor's,Data Scientist,10,110238
27,Male,Bachelor's,Software Engineer,21,113273
53,Male,Master's,Business Analyst,3,74973
42,Female,Master's,Project Manager,28,177697
37,Male,Bachelor's,UI/UX Designer,33,119475
42,Male,Master's,Software Engineer,12,114194
32,Male,Bachelor's,UI/UX Designer,8,60480
58,Female,Master's,Software Engineer,30,176319
57,Male,PhD,DevOps Engineer,6,127061
56,Male,Bachelor's,DevOps Engineer,3,74478
40,Male,Master's,DevOps Engineer,18,146760
41,Female,Bachelor's,UI/UX Designer,29,111028
39,Male,Bachelor's,Business Analyst,30,126293
35,Male,Bachelor's,DevOps Engineer,34,164956
36,Male,Master's,Software Engineer,20,137439
52,Female,Master's,DevOps Engineer,30,195501
22,Male,Bachelor's,Data Scientist,18,120714
24,Male,Master's,DevOps Engineer,30,186848
37,Female,Master's,UI/UX Designer,31,137453
44,Female,Master's,Business Analyst,1,69698
32,Male,Master's,Data Scientist,9,114951
33,Female,Master's,UI/UX Designer,1,52263
31,Male,Bachelor's,UI/UX Designer,1,48292
53,Male,Bachelor's,UI/UX Designer,23,99468
37,Male,PhD,Software Engineer,16,145732
29,Female,Bachelor's,UI/UX Designer,31,113149
59,Male,PhD,Software Engineer,15,154090
33,Male,Master's,UI/UX Designer,15,92487
45,Male,Bachelor's,Project Manager,30,153163
49,Female,Bachelor's,Data Scientist,23,139805
29,Male,Bachelor's,Project Manager,0,58084
49,Male,PhD,UI/UX Designer,10,107356
57,Male,Bachelor's,Data Scientist,20,139126
47,Male,Bachelor's,Data Scientist,3,77741
29,Male,Bachelor's,Business Analyst,6,64171
49,Female,Bachelor's,Project Manager,25,135705
49,Male,Bachelor's,Business Analyst,11,86733
58,Male,Bachelor's,Data Scientist,30,174885
57,Female,Master's,Software Engineer,16,126482
48,Male,Bachelor's,Data Scientist,32,171967
38,Male,Bachelor's,Business Analyst,10,75612
30,Female,Bachelor's,Project Manager,27,142153
54,Male,Bachelor's,UI/UX Designer,31,118003
41,Male,PhD,UI/UX Designer,0,76422
34,Male,Master's,Project Manager,27,166609
49,Male,Bachelor's,UI/UX Designer,6,59794
50,Male,Master's,UI/UX Designer,1,58173
34,Male,Bachelor's,Business Analyst,23,105408
56,Male,Bachelor's,Project Manager,3,72268
27,Male,PhD,DevOps Engineer,18,165470
39,Female,Master's,Software Engineer,25,155729
26,Female,PhD,Software Engineer,10,125142
46,Male,Bachelor's,UI/UX Designer,10,67240
23,Male,Master's,Software Engineer,2,64971
31,Female,Bachelor's,Project Manager,11,86754
51,Male,Bachelor's,Project Manager,2,68937
26,Male,Master's,Data Scientist,26,169035
54,Female,Bachelor's,Data Scientist,1,71827
22,Male,Master's,Software Engineer,15,107210
39,Female,Master's,DevOps Engineer,1,78427
53,Female,Bachelor's,Data Scientist,29,164975
32,Male,Master's,Data Scientist,19,143919
42,Male,Master's,Project Manager,27,178597
47,Male,Bachelor's,DevOps Engineer,24,145756
46,Female,Master's,UI/UX Designer,31,144138
43,Female,Master's,Software Engineer,9,100218
48,Female,Bachelor's,Data Scientist,32,178025
34,Male,Master's,DevOps Engineer,12,124882
54,Female,PhD,DevOps Engineer,15,175038
55,Female,Bachelor's,Software Engineer,21,121275
56,Female,Master's,DevOps Engineer,19,159819
22,Female,Bachelor's,DevOps Engineer,26,133442
42,Female,Master's,DevOps Engineer,15,139575
27,Female,Master's,Data Scientist,33,197489
49,Male,Bachelor's,Software Engineer,31,145008
38,Male,Bachelor's,DevOps Engineer,25,139756
26,Male,Master's,DevOps Engineer,24,168253
52,Female,Bachelor's,Data Scientist,1,69228
26,Male,Master's,Software Engineer,11,103161
59,Female,Bachelor's,Project Manager,8,95017
24,Female,Master's,Data Scientist,11,117466
44,Female,Master's,Software Engineer,25,148389
58,Male,PhD,DevOps Engineer,8,137223
58,Male,Bachelor's,Software Engineer,9,87194
31,Male,Master's,Software Engineer,31,171462
31,Female,Master's,UI/UX Designer,33,141557
40,Female,Bachelor's,Software Engineer,19,108093
38,Female,Bachelor's,Project Manager,1,69280
42,Male,Bachelor's,Software Engineer,0,58953
35,Female,Master's,Project Manager,23,158711
30,Female,Master's,DevOps Engineer,26,176785
22,Male,Bachelor's,Project Manager,1,57031
34,Female,Master's,DevOps Engineer,30,185974
25,Male,Bachelor's,DevOps Engineer,13,100533
22,Male,Bachelor's,Project Manager,1,61333
53,Female,PhD,Data Scientist,28,251456
55,Male,PhD,Business Analyst,14,135301
49,Female,Master's,Software Engineer,11,114128
52,Female,Bachelor's,UI/UX Designer,27,108404
29,Male,Master's,Business Analyst,19,117853
47,Male,Bachelor's,Software Engineer,23,125020
55,Male,Bachelor's,Software Engineer,20,112983
24,Male,Bachelor's,DevOps Engineer,9,89581
33,Male,Master's,Software Engineer,13,114502
22,Male,Master's,UI/UX Designer,17,98068
26,Male,Bachelor's,Software Engineer,23,118506
51,Male,Master's,Project Manager,13,122847
51,Male,PhD,Business Analyst,33,199414
38,Female,Bachelor's,Project Manager,11,97520
44,Female,Master's,UI/UX Designer,21,112242
36,Male,Master's,Software Engineer,5,83004
58,Male,Bachelor's,UI/UX Designer,21,99837
42,Female,Bachelor's,DevOps Engineer,13,105428
35,Female,Master's,Project Manager,15,133270
23,Female,Master's,Project Manager,24,150642
32,Female,Master's,Data Scientist,31,197004
59,Male,Bachelor's,Software Engineer,32,156473
55,Male,PhD,DevOps Engineer,19,199365
59,Male,Bachelor's,Project Manager,17,119799
55,Male,Bachelor's,Project Manager,2,71630
39,Male,Master's,DevOps Engineer,22,153000
51,Male,Bachelor's,UI/UX Designer,31,115670
36,Male,Bachelor's,UI/UX Designer,15,80094
48,Female,Bachelor's,Software Engineer,4,68651
55,Female,Bachelor's,Data Scientist,3,83921
59,Male,Bachelor's,Project Manager,20,123320
54,Female,PhD,Data Scientist,13,168101
45,Male,Bachelor's,UI/UX Designer,30,112533
36,Female,Master's,UI/UX Designer,13,84992
51,Male,Master's,Business Analyst,5,82176
38,Female,PhD,Software Engineer,11,137370
26,Female,Bachelor's,Business Analyst,15,85125
50,Male,Master's,Business Analyst,16,118496
25,Male,Master's,Business Analyst,22,124257
31,Male,Master's,Software Engineer,13,106208
38,Male,Master's,Software Engineer,6,94172
31,Male,Master's,DevOps Engineer,31,187111
38,Female,Bachelor's,Data Scientist,14,115007
41,Male,Master's,Data Scientist,16,144129
45,Female,Master's,DevOps Engineer,33,198901
26,Female,Master's,DevOps Engineer,4,81420
55,Male,PhD,UI/UX Designer,26,165685
27,Male,Bachelor's,Business Analyst,22,107394
23,Male,PhD,DevOps Engineer,13,145642
34,Female,Bachelor's,Project Manager,14,103976
32,Male,Bachelor's,Data Scientist,32,169128
44,Female,Bachelor's,DevOps Engineer,30,161841
37,Female,Bachelor's,Project Manager,34,158878
52,Male,Master's,Project Manager,16,138841
32,Male,Bachelor's,Project Manager,27,142561
37,Female,Bachelor's,UI/UX Designer,18,86484
29,Female,PhD,UI/UX Designer,22,143355
25,Male,Master's,Project Manager,31,186806
25,Male,Master's,UI/UX Designer,12,87230
46,Female,Master's,Business Analyst,19,118957
24,Male,Master's,Project Manager,34,187086
53,Female,Bachelor's,Business Analyst,4,62432
24,Male,Bachelor's,Business Analyst,8,70629
48,Male,Master's,Project Manager,28,179500
50,Female,Bachelor's,Data Scientist,5,83844
53,Male,Master's,Project Manager,24,167343
40,Male,Bachelor's,Project Manager,30,146732
42,Male,Bachelor's,UI/UX Designer,21,92870
26,Male,Master's,Project Manager,1,65985
39,Female,Master's,Data Scientist,4,95121
49,Male,Master's,UI/UX Designer,26,129670
43,Male,Master's,Software Engineer,24,146549
42,Female,Bachelor's,Software Engineer,7,80593
27,Female,Bachelor's,Business Analyst,0,48290
22,Male,Master's,Business Analyst,19,112410
26,Male,Master's,Data Scientist,22,164622
33,Female,Bachelor's,DevOps Engineer,31,155246
47,Female,Master's,Software Engineer,10,100624
55,Male,Bachelor's,Business Analyst,23,116322
35,Male,Bachelor's,Software Engineer,10,84700
47,Male,Bachelor's,Data Scientist,28,155889
48,Female,Master's,Data Scientist,25,188033
30,Female,Master's,DevOps Engineer,15,132249
47,Female,Bachelor's,DevOps Engineer,34,167802
43,Female,Master's,UI/UX Designer,19,104554
51,Female,Bachelor's,Data Scientist,2,72584
38,Male,Bachelor's,Business Analyst,0,56308
47,Male,Bachelor's,Software Engineer,0,57710
57,Male,Bachelor's,Project Manager,16,111758
22,Male,Bachelor's,DevOps Engineer,1,59302
29,Female,Master's,Project Manager,28,177554
56,Male,Master's,Business Analyst,19,126462
36,Male,Master's,DevOps Engineer,5,94200
43,Male,Bachelor's,Project Manager,7,79886
35,Male,Bachelor's,Business Analyst,28,124580
47,Male,Bachelor's,Software Engineer,32,146978
49,Male,Bachelor's,Business Analyst,2,62707
44,Female,Master's,UI/UX Designer,34,145628
35,Male,Bachelor's,DevOps Engineer,4,69963
45,Female,Master's,Data Scientist,26,181646
23,Male,Master's,Software Engineer,11,103142
47,Male,Bachelor's,Project Manager,19,121591
35,Male,Master's,DevOps Engineer,19,151005
28,Male,Master's,Data Scientist,8,104711
24,Female,Master's,Business Analyst,3,60075
44,Male,Master's,Data Scientist,18,150554
39,Male,Bachelor's,DevOps Engineer,26,140306
59,Female,Bachelor's,DevOps Engineer,12,107425
56,Male,Bachelor's,UI/UX Designer,12,79618
36,Male,Bachelor's,UI/UX Designer,21,90212
46,Female,Master's,Data Scientist,27,195708
58,Female,Bachelor's,Business Analyst,21,105782
49,Male,PhD,Data Scientist,18,192153
31,Female,Master's,DevOps Engineer,7,103084
38,Female,Bachelor's,DevOps Engineer,7,91202
43,Male,Bachelor's,Project Manager,25,138013
47,Female,Master's,UI/UX Designer,25,130309
46,Male,Master's,Project Manager,22,156965
38,Male,Master's,Software Engineer,12,110468
34,Male,Bachelor's,DevOps Engineer,27,144878
41,Male,Bachelor's,Project Manager,8,83452
46,Female,Bachelor's,Data Scientist,19,125213
25,Male,Bachelor's,UI/UX Designer,18,79326
31,Female,Master's,UI/UX Designer,11,80873
24,Female,Master's,Business Analyst,14,98880
39,Male,Master's,Data Scientist,30,203144
57,Female,Master's,Business Analyst,13,102558
43,Male,Master's,Project Manager,10,106089
55,Male,Bachelor's,Software Engineer,25,130605
29,Female,Bachelor's,Data Scientist,26,145883
40,Male,PhD,Data Scientist,10,153650
58,Male,Bachelor's,Data Scientist,33,184449
27,Male,PhD,Business Analyst,18,136000
47,Male,Master's,Project Manager,5,91114
55,Male,Bachelor's,Data Scientist,27,155660
27,Male,Master's,Data Scientist,0,69646
58,Female,Master's,UI/UX Designer,34,158465
54,Male,Master's,Software Engineer,7,97451
43,Male,PhD,UI/UX Designer,6,94293
42,Male,PhD,UI/UX Designer,10,106947
27,Male,Bachelor's,Software Engineer,3,65631
27,Female,Bachelor's,Project Manager,24,129186
25,Female,PhD,UI/UX Designer,11,102120
51,Female,Master's,Project Manager,25,175309
32,Male,Bachelor's,UI/UX Designer,11,71301
51,Male,Bachelor's,DevOps Engineer,23,146056
52,Male,Master's,Software Engineer,15,121218
45,Female,PhD,UI/UX Designer,12,109057
30,Male,Master's,DevOps Engineer,24,170281
24,Male,Master's,Business Analyst,3,70042
52,Female,Bachelor's,DevOps Engineer,10,103247
58,Male,Bachelor's,Data Scientist,31,175906
57,Male,Master's,UI/UX Designer,6,73838
45,Male,Bachelor's,DevOps Engineer,10,101710
52,Female,Bachelor's,Project Manager,27,144843
27,Male,Bachelor's,Business Analyst,22,104061
23,Female,Master's,UI/UX Designer,22,115085
41,Female,PhD,Data Scientist,27,240569
49,Male,Bachelor's,DevOps Engineer,25,149696
32,Female,Bachelor's,Business Analyst,24,106280
25,Male,Master's,UI/UX Designer,28,130607
36,Male,PhD,Business Analyst,18,149866
27,Female,Bachelor's,Data Scientist,32,167416
51,Female,Bachelor's,DevOps Engineer,13,113605
59,Female,Bachelor's,Business Analyst,13,90567
23,Male,Master's,Business Analyst,34,152362
36,Male,Bachelor's,Software Engineer,29,134446
32,Male,Bachelor's,Business Analyst,27,118300
29,Male,Master's,Software Engineer,16,113133
47,Male,Master's,DevOps Engineer,2,94638
26,Male,Bachelor's,UI/UX Designer,15,79577
27,Male,Master's,UI/UX Designer,29,127849
47,Male,Bachelor's,DevOps Engineer,28,155025
25,Male,Master's,DevOps Engineer,14,117382
40,Male,Bachelor's,Project Manager,24,136194
41,Female,Master's,DevOps Engineer,22,162352
54,Male,Bachelor's,Business Analyst,24,120713
41,Female,Master's,UI/UX Designer,6,69800
33,Female,Master's,Data Scientist,21,160843
22,Male,Master's,UI/UX Designer,16,97093
47,Female,Master's,Software Engineer,17,122253
35,Male,Master's,UI/UX Designer,9,81374
59,Male,Bachelor's,Project Manager,9,100099
58,Male,Bachelor's,DevOps Engineer,6,90422
32,Male,PhD,DevOps Engineer,26,210821
57,Male,Bachelor's,UI/UX Designer,32,119553
34,Male,Master's,Data Scientist,0,80184
24,Female,PhD,Data Scientist,33,259488
54,Female,Bachelor's,Project Manager,3,70717
27,Male,Master's,Software Engineer,16,112222
31,Female,Bachelor's,UI/UX Designer,3,54300
26,Male,Master's,DevOps Engineer,25,166827
44,Male,Bachelor's,UI/UX Designer,3,52490
31,Female,Bachelor's,Project Manager,0,63535
23,Male,Master's,Business Analyst,6,75961
34,Male,Master's,Business Analyst,29,149726
23,Male,Master's,Project Manager,8,92413
41,Male,Master's,DevOps Engineer,34,209539
22,Female,Bachelor's,Project Manager,7,81464
58,Male,Master's,DevOps Engineer,23,170661
30,Female,Bachelor's,Data Scientist,18,121589
38,Male,PhD,Project Manager,26,213415
30,Male,Master's,DevOps Engineer,31,188995
32,Male,Master's,Project Manager,13,122447
36,Female,PhD,Project Manager,17,162783
45,Male,Bachelor's,DevOps Engineer,27,153408
59,Female,Master's,DevOps Engineer,28,186397
56,Female,Bachelor's,Software Engineer,15,98568
51,Male,PhD,Project Manager,34,258901
52,Female,Bachelor's,Business Analyst,30,134227
26,Female,Master's,Project Manager,3,84481
35,Female,Master's,Project Manager,16,123318
32,Male,Bachelor's,DevOps Engineer,25,134116
30,Male,Bachelor's,Project Manager,3,65708
55,Male,Master's,UI/UX Designer,29,137413
33,Male,Bachelor's,Project Manager,29,142010
56,Male,Bachelor's,UI/UX Designer,21,98028
56,Female,Bachelor's,Business Analyst,10,82520
22,Male,Bachelor's,DevOps Engineer,1,63066
43,Male,Master's,Project Manager,11,115714
50,Female,Master's,UI/UX Designer,29,142176
29,Female,Bachelor's,UI/UX Designer,17,86124
32,Male,Bachelor's,UI/UX Designer,25,99432
58,Female,Bachelor's,Data Scientist,6,95210
35,Male,Bachelor's,Software Engineer,0,53218
51,Male,Bachelor's,Business Analyst,25,117687
56,Female,Bachelor's,Project Manager,22,128814
42,Male,Bachelor's,Data Scientist,25,145635
58,Male,Master's,Project Manager,5,99434
26,Male,Bachelor's,Project Manager,5,66364
40,Male,Master's,DevOps Engineer,7,105049
35,Male,Master's,DevOps Engineer,23,168831
47,Male,Master's,DevOps Engineer,21,160467
25,Female,Master's,Data Scientist,18,146223
46,Female,Master's,Project Manager,17,135306
46,Male,Master's,Software Engineer,30,175909
39,Male,Master's,Business Analyst,29,147031
29,Male,Master's,DevOps Engineer,32,191038
35,Male,Master's,DevOps Engineer,9,103696
53,Female,Master's,Project Manager,11,119754
59,Male,Bachelor's,Project Manager,29,158324
54,Male,Bachelor's,Data Scientist,26,157679
44,Female,Bachelor's,Data Scientist,8,96488
36,Female,Master's,DevOps Engineer,20,148438
54,Female,Master's,Project Manager,11,122196
46,Male,PhD,Software Engineer,28,208094
38,Male,Master's,Business Analyst,32,161814
54,Male,Bachelor's,Project Manager,14,109808
23,Male,Bachelor's,Project Manager,1,63504
35,Female,Master's,UI/UX Designer,17,98327
27,Female,Master's,Data Scientist,2,90030
27,Female,PhD,Business Analyst,6,95604
24,Female,Bachelor's,DevOps Engineer,17,109490
28,Male,Master's,Project Manager,32,185310
29,Female,Master's,DevOps Engineer,30,186768
36,Male,Master's,Project Manager,10,102893
50,Male,Master's,DevOps Engineer,3,94471
54,Male,Master's,Business Analyst,17,113350
51,Male,Bachelor's,Data Scientist,3,83956
48,Male,Master's,Business Analyst,33,160437
57,Female,Master's,UI/UX Designer,28,137439
50,Male,Master's,Software Engineer,23,153048
59,Male,Master's,Data Scientist,21,172320
54,Male,Bachelor's,Business Analyst,1,57523
58,Female,Bachelor's,UI/UX Designer,5,60098
48,Male,PhD,Software Engineer,24,190664
54,Female,Master's,UI/UX Designer,20,117705
25,Male,PhD,Project Manager,15,152128
43,Female,Bachelor's,Project Manager,30,151960
23,Male,Master's,DevOps Engineer,13,125754
31,Female,Master's,Data Scientist,27,183724
26,Female,PhD,Project Manager,31,228490
31,Male,Bachelor's,UI/UX Designer,27,105440
54,Male,Master's,Data Scientist,8,121024
59,Male,Master's,Project Manager,21,152939
34,Male,Bachelor's,DevOps Engineer,31,158767
52,Male,Master's,Business Analyst,4,84362
57,Female,Master's,DevOps Engineer,22,164412
45,Male,PhD,Software Engineer,4,104375
36,Male,Bachelor's,Project Manager,31,151178
50,Male,Bachelor's,Software Engineer,9,87792
29,Male,Bachelor's,Software Engineer,14,87657
26,Female,Bachelor's,UI/UX Designer,6,59621
50,Male,Bachelor's,Data Scientist,28,162124
25,Female,Master's,UI/UX Designer,2,58297
33,Female,Bachelor's,Project Manager,18,116236
23,Female,PhD,Software Engineer,9,119583
48,Female,PhD,Business Analyst,27,182028
52,Male,Master's,Software Engineer,28,170342
57,Female,PhD,Business Analyst,14,132160
57,Male,Master's,UI/UX Designer,34,155083
47,Male,Master's,UI/UX Designer,5,77270
48,Female,Bachelor's,Data Scientist,11,109964
26,Female,Bachelor's,Software Engineer,12,84378
41,Female,Master's,DevOps Engineer,28,180154
32,Male,Master's,UI/UX Designer,18,101497
31,Male,Bachelor's,UI/UX Designer,2,44458
59,Female,Master's,Data Scientist,7,122597
27,Male,Master's,Business Analyst,7,73772
29,Female,Bachelor's,Data Scientist,19,120988
44,Female,PhD,Software Engineer,3,96302
47,Male,Master's,Project Manager,20,144702
33,Male,Bachelor's,Project Manager,2,62778
47,Male,Master's,Business Analyst,7,90433
34,Male,Bachelor's,UI/UX Designer,22,92553
39,Female,Master's,Business Analyst,15,109730
46,Male,Bachelor's,UI/UX Designer,12,79251
54,Female,Bachelor's,UI/UX Designer,2,58331
33,Male,PhD,Project Manager,8,122009
57,Female,Master's,Business Analyst,13,102964
25,Male,Bachelor's,Data Scientist,12,94957
26,Male,Bachelor's,UI/UX Designer,6,53120
58,Male,PhD,DevOps Engineer,14,169822
29,Female,Bachelor's,DevOps Engineer,6,84573
49,Female,Bachelor's,Data Scientist,33,180245
52,Female,Bachelor's,DevOps Engineer,21,137025
30,Male,Bachelor's,Software Engineer,23,112369
50,Male,Master's,UI/UX Designer,0,61366
35,Male,Master's,Data Scientist,9,109895
43,Male,Bachelor's,Business Analyst,15,91292
32,Male,Master's,UI/UX Designer,7,76152
44,Female,Bachelor's,Data Scientist,24,145425
22,Female,PhD,Project Manager,11,132078
58,Female,PhD,Business Analyst,24,175203
42,Female,Bachelor's,Project Manager,16,108202
47,Male,Master's,UI/UX Designer,25,126484
57,Male,Master's,Business Analyst,13,112566
44,Male,Bachelor's,DevOps Engineer,22,133981
22,Female,Bachelor's,Data Scientist,5,80947
36,Male,Bachelor's,UI/UX Designer,4,56923
42,Male,Master's,Software Engineer,24,147721
30,Male,PhD,Business Analyst,17,134278
30,Male,Master's,Business Analyst,12,93217
31,Female,Master's,UI/UX Designer,13,93349
47,Female,Master's,UI/UX Designer,27,130459
56,Male,Master's,Project Manager,17,136615
46,Female,Master's,DevOps Engineer,27,188736
47,Female,Bachelor's,Project Manager,26,142623
32,Male,Master's,Project Manager,31,186022
59,Male,Master's,DevOps Engineer,8,115053
23,Male,Bachelor's,Software Engineer,31,137531
28,Male,Master's,Project Manager,19,143016
39,Female,Bachelor's,Project Manager,27,142080
48,Male,Master's,Business Analyst,32,157676
55,Female,Master's,DevOps Engineer,3,101944
48,Male,Bachelor's,Data Scientist,33,181118
38,Male,Bachelor's,Software Engineer,2,61516
45,Male,Bachelor's,Software Engineer,25,131587
46,Male,Master's,DevOps Engineer,7,104560
28,Male,Bachelor's,UI/UX Designer,5,56367
27,Female,PhD,UI/UX Designer,15,119333
45,Male,Bachelor's,Business Analyst,23,115057
54,Female,PhD,Business Analyst,29,189739
50,Male,PhD,DevOps Engineer,12,163751
43,Male,Bachelor's,Business Analyst,4,60811
47,Male,Master's,Software Engineer,24,154508
49,Male,Bachelor's,Software Engineer,19,109576
42,Male,Master's,Data Scientist,17,140946
28,Male,Bachelor's,UI/UX Designer,17,81765
38,Male,Bachelor's,DevOps Engineer,1,71247
41,Male,Bachelor's,Project Manager,9,90106
41,Male,Bachelor's,UI/UX Designer,11,74611
43,Male,Bachelor's,Project Manager,12,102188
49,Female,Master's,Data Scientist,10,125213
28,Female,PhD,Data Scientist,18,184932
22,Male,Bachelor's,Business Analyst,34,135710
53,Male,Master's,Data Scientist,25,178733
34,Female,Bachelor's,Data Scientist,13,112221
51,Female,Master's,Project Manager,23,156434
44,Male,PhD,Business Analyst,0,75693
40,Female,Master's,Data Scientist,21,169398
53,Male,PhD,UI/UX Designer,22,149130
